reference	template
A:1:A	A:1:A
A:2:A	A:2:A
A:3:V	A:3:V
A:4:I	A:4:I
A:5:L	A:5:L
A:6:E	A:6:E
A:7:S	A:7:S
A:8:I	A:8:I
A:9:F	A:9:F
A:10:L	A:10:L
A:11:K	A:11:K
A:12:R	A:12:R
A:13:S	A:13:S
A:14:Q	A:14:Q
A:15:Q	A:15:Q
A:16:S	A:16:S
A:17:P	A:17:P
A:18:L	A:18:L
A:19:N	A:19:N
A:20:F	A:20:F
A:21:K	A:21:K
A:22:K	A:22:K
A:23:R	A:23:R
A:24:L	A:24:L
A:25:F	A:25:F
A:26:L	A:26:L
A:27:L	A:27:L
A:28:T	A:28:T
A:29:V	A:29:V
A:30:H	A:30:H
A:31:K	A:31:K
A:32:L	A:32:L
A:33:S	A:33:S
A:34:Y	A:34:Y
A:35:Y	A:35:Y
A:36:E	A:36:E
A:37:Y	A:37:Y
A:38:D	A:38:D
A:39:F	A:39:F
A:40:E	A:40:E
A:41:R	A:41:R
A:42:G	A:42:G
A:43:R	A:43:R
A:44:R	A:44:R
A:45:G	A:45:G
A:46:S	A:46:S
A:47:K	A:47:K
A:48:K	A:48:K
A:49:G	A:49:G
A:50:S	A:50:S
A:51:I	A:51:I
A:52:D	A:52:D
A:53:V	A:53:V
A:54:E	A:54:E
A:55:K	A:55:K
A:56:I	A:56:I
A:57:T	A:57:T
A:58:C	A:58:C
A:59:V	A:59:V
A:60:E	A:60:E
A:61:T	A:61:T
A:62:V	A:62:V
A:63:V	A:63:V
A:64:P	A:64:P
A:65:E	A:65:E
A:66:K	A:66:K
A:67:N	A:67:N
A:68:P	A:68:P
A:69:P	A:69:P
A:70:P	A:70:P
A:71:E	A:71:E
A:72:R	A:72:R
A:73:Q	A:73:Q
A:74:I	A:74:I
A:75:P	A:75:P
A:76:R	A:76:R
A:77:R	A:77:R
A:78:G	A:78:G
A:79:E	A:79:E
A:80:E	A:80:E
A:81:S	A:81:S
A:82:S	A:82:S
A:83:E	A:83:E
A:84:M	A:84:M
A:85:E	A:85:E
A:86:Q	A:86:Q
A:87:I	A:87:I
A:88:S	A:88:S
A:89:I	A:89:I
A:90:I	A:90:I
A:91:E	A:91:E
A:92:R	A:92:R
A:93:F	A:93:F
A:94:P	A:94:P
A:95:Y	A:95:Y
A:96:P	A:96:P
A:97:F	A:97:F
A:98:Q	A:98:Q
A:99:V	A:99:V
A:100:V	A:100:V
A:101:Y	A:101:Y
A:102:D	A:102:D
A:103:E	A:103:E
A:104:G	A:104:G
A:105:P	A:105:P
A:106:L	A:106:L
A:107:Y	A:107:Y
A:108:V	A:108:V
A:109:F	A:109:F
A:110:S	A:110:S
A:111:P	A:111:P
A:112:T	A:112:T
A:113:E	A:113:E
A:114:E	A:114:E
A:115:L	A:115:L
A:116:R	A:116:R
A:117:K	A:117:K
A:118:R	A:118:R
A:119:W	A:119:W
A:120:I	A:120:I
A:121:H	A:121:H
A:122:Q	A:122:Q
A:123:L	A:123:L
A:124:K	A:124:K
A:125:N	A:125:N
A:126:V	A:126:V
A:127:I	A:127:I
A:128:R	A:128:R
A:129:Y	A:129:Y
A:130:N	A:130:N
A:131:S	A:131:S
A:132:D	A:132:D
A:133:L	A:133:L
A:134:V	A:134:V
A:135:Q	A:135:Q
A:136:K	A:136:K
A:137:Y	A:137:Y
A:138:H	A:138:H
A:139:P	A:139:P
A:140:C	A:140:C
A:141:F	A:141:F
A:142:W	A:142:W
A:143:I	A:143:I
A:144:D	A:144:D
A:145:G	A:145:G
A:146:Q	A:146:Q
A:147:Y	A:147:Y
A:148:L	A:148:L
A:149:C	A:149:C
A:150:C	A:150:C
A:151:S	A:151:S
A:152:Q	A:152:Q
A:153:T	A:153:T
A:154:A	A:154:A
A:155:K	A:155:K
A:156:N	A:156:N
A:157:A	A:157:A
A:158:M	A:158:M
A:159:G	A:159:G
A:160:C	A:160:C
A:161:Q	A:161:Q
A:162:I	A:162:I
A:163:L	A:163:L
A:164:E	A:164:E
